,City,Lat,Lng,Max Temp,Humidity,Cloudiness,Wind Speed,Country,Date
0,Blacksburg,37.23,-80.41,46.4,65,90,12.75,US,1604098792
1,Torbay,47.67,-52.73,36.0,59,75,17.22,CA,1604098749
2,Hobart,-42.88,147.33,62.01,67,20,6.93,AU,1604098641
3,Albany,42.6,-73.97,33.01,88,79,3.29,US,1604098678
4,Portland,45.52,-122.68,62.01,63,75,5.82,US,1604098449
5,Ushuaia,-54.8,-68.3,50.0,71,75,23.04,AR,1604098670
6,Hermanus,-34.42,19.23,45.0,91,0,11.72,ZA,1604098762
7,Naze,28.37,129.48,73.4,60,40,20.8,JP,1604098755
8,Busselton,-33.65,115.33,64.99,67,18,2.39,AU,1604098740
9,Kontagora,10.4,5.47,75.54,40,13,0.78,NG,1604098793
10,Atambua,-9.11,124.89,79.43,69,5,4.23,ID,1604098758
11,Oriximiná,-1.77,-55.87,81.77,73,78,2.59,BR,1604098794
12,Hambantota,6.12,81.12,78.44,81,100,7.34,LK,1604098722
13,Aklavik,68.22,-135.01,5.0,84,75,8.05,CA,1604098665
14,Rikitea,-23.12,-134.97,76.21,65,0,6.06,PF,1604098587
15,Sungai Penuh,-2.08,101.38,64.89,92,98,1.1,ID,1604098795
16,Mar del Plata,-38.0,-57.56,57.2,76,0,8.05,AR,1604098535
17,Ekhabi,53.51,142.97,34.7,85,100,5.84,RU,1604098735
18,Raton,36.9,-104.44,66.2,22,1,13.87,US,1604098796
19,Yellowknife,62.46,-114.35,18.0,85,75,6.93,CA,1604098759
20,Puerto Ayora,-0.74,-90.35,71.01,90,71,4.0,EC,1604098745
21,Bluff,-46.6,168.33,54.0,98,100,11.99,NZ,1604098759
22,Coquimbo,-29.95,-71.34,57.2,76,20,11.41,CL,1604098797
23,Bandarbeyla,9.49,50.81,77.32,84,4,8.41,SO,1604098682
24,Qaanaaq,77.48,-69.36,11.75,85,91,5.14,GL,1604098750
25,Merauke,-8.47,140.33,82.45,72,72,9.42,ID,1604098505
26,Yulara,-25.24,130.99,64.4,25,0,13.87,AU,1604098635
27,Leh,34.17,77.58,25.92,71,24,2.19,IN,1604098798
28,Jamestown,42.1,-79.24,36.0,93,90,6.26,US,1604098528
29,Tasiilaq,65.61,-37.64,35.6,80,100,21.92,GL,1604098752
30,Cape Town,-33.93,18.42,57.99,58,0,21.92,ZA,1604098567
31,Dzaoudzi,-12.79,45.27,78.8,78,0,3.36,YT,1604098799
32,Bardsīr,29.92,56.57,41.0,25,0,6.93,IR,1604098800
33,Porto-Novo,6.5,2.6,82.4,83,20,9.17,BJ,1604098598
34,Avarua,-21.21,-159.78,77.0,73,99,11.41,CK,1604098800
35,Thessalon,46.25,-83.57,32.0,85,1,5.82,CA,1604098801
36,Verkhoyansk,67.54,133.38,-3.82,90,100,3.58,RU,1604098801
37,Seoul,37.57,126.98,48.2,70,1,3.69,KR,1604098800
38,Antofagasta,-23.65,-70.4,60.8,72,20,16.11,CL,1604098729
39,Castro,-24.79,-50.01,53.91,93,100,11.1,BR,1604098804
40,Butaritari,3.07,172.79,82.56,77,70,21.45,KI,1604098805
41,Laguna,38.42,-121.42,80.01,19,1,1.97,US,1604098805
42,Vaini,-21.2,-175.2,77.0,69,40,11.41,TO,1604098744
43,Caravelas,-17.71,-39.25,76.57,81,98,8.72,BR,1604098806
44,Bereket,39.24,55.52,53.01,38,0,8.3,TM,1604098807
45,Chu,43.6,73.76,36.27,76,0,1.16,KZ,1604098808
46,Dikson,73.51,80.55,13.71,96,100,27.89,RU,1604098767
47,Port-Gentil,-0.72,8.78,78.8,94,40,5.82,GA,1604098808
48,Christchurch,-43.53,172.63,77.0,47,87,11.41,NZ,1604098667
49,São Filipe,14.9,-24.5,81.64,59,86,15.61,CV,1604098809
50,Atuona,-9.8,-139.03,77.9,72,82,11.12,PF,1604098753
51,Hilo,19.73,-155.09,84.2,70,75,10.29,US,1604098757
52,Iqaluit,63.75,-68.51,8.6,71,75,2.3,CA,1604098606
53,Kapaa,22.08,-159.32,84.0,69,75,9.17,US,1604098757
54,Geraldton,-28.77,114.6,68.0,88,90,8.05,AU,1604098811
55,Berlevåg,70.86,29.09,28.4,86,75,10.29,NO,1604098811
56,Sitka,57.05,-135.33,42.8,81,90,4.7,US,1604098533
57,Dunedin,-45.87,170.5,64.18,61,100,5.48,NZ,1604098812
58,Bunia,1.57,30.25,60.44,92,75,1.52,CD,1604098813
59,Walvis Bay,-22.96,14.51,55.99,71,66,4.7,NA,1604098813
60,Bitkine,11.98,18.21,86.68,28,72,4.05,TD,1604098814
61,Vestmannaeyjar,63.44,-20.27,46.09,74,47,22.39,IS,1604098815
62,Vinh,18.67,105.67,71.24,95,100,7.25,VN,1604098815
63,Arrondissement de Saint-Dizier,48.42,5.08,55.4,76,90,3.36,FR,1604098816
64,Sibolga,1.74,98.78,76.91,78,93,2.73,ID,1604098668
65,Malé,4.17,73.51,82.13,76,61,9.35,MV,1604098817
66,Norman Wells,65.28,-126.83,14.0,92,90,4.7,CA,1604098817
67,New Norfolk,-42.78,147.06,62.01,53,0,1.99,AU,1604098748
68,Östersund,63.18,14.64,39.99,86,98,16.11,SE,1604098817
69,East London,-33.02,27.91,62.01,68,100,2.53,ZA,1604098600
70,Plettenberg Bay,-34.05,23.37,53.28,69,0,2.89,ZA,1604098818
71,Egvekinot,66.32,-179.17,14.74,84,36,8.3,RU,1604098818
72,Roald,62.58,6.13,48.2,81,99,19.46,NO,1604098819
73,Saint Paul Harbor,57.79,-152.41,32.0,76,90,6.93,US,1604098644
74,Olinda,-8.01,-34.86,82.4,74,75,6.93,BR,1604098758
75,Cherskiy,68.75,161.3,5.5,91,100,5.41,RU,1604098666
76,Rocha,-34.48,-54.33,47.46,82,100,3.85,UY,1604098526
77,Chokurdakh,70.63,147.92,9.03,96,100,7.36,RU,1604098618
78,Mataura,-46.19,168.86,54.0,98,100,11.99,NZ,1604098744
79,Kolokani,13.57,-8.03,77.31,25,0,3.11,ML,1604098821
80,Arraial do Cabo,-22.97,-42.03,71.38,89,100,34.07,BR,1604098588
81,Kahului,20.89,-156.47,87.8,55,40,21.92,US,1604098626
82,Ouésso,1.61,16.05,69.82,96,45,0.67,CG,1604098822
83,Rajanpur,29.1,70.33,63.28,29,0,4.34,PK,1604098822
84,Port Alfred,-33.59,26.89,59.88,63,83,3.71,ZA,1604098767
85,Hokitika,-42.72,170.97,58.32,96,100,11.95,NZ,1604098823
86,Baykit,61.67,96.37,1.44,88,37,3.4,RU,1604098823
87,Gribanovskiy,51.46,41.98,46.13,92,100,7.29,RU,1604098824
88,Ingham,42.6,-84.38,35.6,59,90,3.36,US,1604098824
89,Weligama,5.97,80.42,77.22,87,98,6.06,LK,1604098824
90,Abu Kamal,34.45,40.92,67.96,22,0,9.91,SY,1604098825
91,Brae,60.4,-1.35,50.0,71,32,24.16,GB,1604098825
92,Mianyang,31.46,104.75,60.58,74,100,2.8,CN,1604098826
93,Cidreira,-30.18,-50.21,64.51,66,85,11.1,BR,1604098761
94,Flin Flon,54.77,-101.86,21.2,85,90,9.17,CA,1604098826
95,Texarkana,33.43,-94.05,62.6,42,1,3.36,US,1604098827
96,Taltal,-25.4,-70.48,59.63,68,22,4.07,CL,1604098827
97,George Town,5.41,100.34,80.6,88,20,2.24,MY,1604098747
98,Peniche,39.36,-9.38,60.01,89,0,1.99,PT,1604098828
99,Fortuna,40.6,-124.16,64.99,62,1,10.29,US,1604098829
100,Province of Mantua,45.17,10.78,48.99,95,23,1.01,IT,1604098829
101,Te Anau,-45.42,167.72,53.51,92,100,3.76,NZ,1604098830
102,Hithadhoo,-0.6,73.08,82.98,76,88,10.87,MV,1604098830
103,Jumla,29.27,82.18,43.41,54,5,6.06,NP,1604098831
104,La Rioja,42.25,-2.5,51.01,93,0,6.08,ES,1604098614
105,Faya,18.39,42.45,59.0,41,0,1.21,SA,1604098831
106,Tiznit Province,29.58,-9.5,71.31,23,0,4.76,MA,1604098832
107,Santa Maria,-29.68,-53.81,66.2,52,0,9.17,BR,1604098832
108,Barrow,71.29,-156.79,14.0,85,90,12.75,US,1604098752
109,Narsaq,60.92,-46.05,24.8,73,40,3.36,GL,1604098694
110,Salalah,17.02,54.09,75.2,69,0,6.93,OM,1604098833
111,Seoni Mālwa,22.45,77.47,66.52,52,0,2.93,IN,1604098833
112,Pisco,-13.7,-76.22,68.0,77,75,6.93,PE,1604098834
113,Tuatapere,-46.13,167.68,54.0,98,100,11.99,NZ,1604098751
114,Olesno,50.88,18.42,53.01,97,100,15.99,PL,1604098834
115,Gobabis,-22.45,18.97,74.93,47,97,5.5,NA,1604098834
116,Tallahassee,30.44,-84.28,69.8,52,1,9.17,US,1604098835
117,Ilulissat,69.22,-51.1,17.6,72,100,3.36,GL,1604098835
118,Mount Isa,-20.73,139.5,73.4,25,0,12.75,AU,1604098757
119,Waspán,14.74,-83.97,78.17,90,97,4.25,NI,1604098836
120,Punta Arenas,-53.15,-70.92,53.6,58,75,34.45,CL,1604098731
121,Tuktoyaktuk,69.45,-133.04,8.6,84,75,9.17,CA,1604098740
122,Saint-Joseph,-21.37,55.62,68.0,68,20,20.8,RE,1604098836
123,Karārī,25.45,81.43,67.01,34,0,5.32,IN,1604098837
124,Carballo,43.21,-8.69,60.8,82,40,10.29,ES,1604098837
125,Carnarvon,-24.87,113.63,71.6,78,90,4.7,AU,1604098837
126,Katsuura,35.13,140.3,57.99,54,20,13.87,JP,1604098837
127,Olafsvik,64.89,-23.71,41.58,76,16,12.5,IS,1604098754
128,Shellbrook,53.22,-106.4,30.2,92,90,24.16,CA,1604098838
129,Grindavik,63.84,-22.43,39.2,100,90,6.93,IS,1604098838
130,Port Elizabeth,-33.92,25.57,50.0,81,0,3.36,ZA,1604098839
131,Sabana Grande de Boyá,18.95,-69.79,80.6,94,75,6.93,DO,1604098839
132,Makakilo City,21.35,-158.09,84.2,58,20,14.99,US,1604098840
133,Faanui,-16.48,-151.75,78.87,84,1,15.43,PF,1604098840
134,Kesinga,20.2,83.23,66.15,70,0,1.81,IN,1604098760
135,Hong Kong,22.29,114.16,73.0,83,91,1.01,HK,1604098776
136,Taos,36.41,-105.57,53.6,49,1,3.96,US,1604098608
137,Sarai Alamgir,32.9,73.76,59.0,82,0,5.88,PK,1604098841
138,La Maddalena,41.21,9.41,55.4,100,20,3.36,IT,1604098842
139,Leningradskiy,69.38,178.42,19.0,94,59,19.86,RU,1604098621
140,Narasannapeta,18.42,84.05,72.66,65,89,6.29,IN,1604098842
141,Oga,46.46,10.35,48.99,92,0,3.36,IT,1604098843
142,Santiago del Estero,-27.8,-64.26,68.74,25,0,6.42,AR,1604098753
143,Manoel Urbano,-8.84,-69.26,74.5,94,100,3.98,BR,1604098843
144,Acapulco de Juárez,16.86,-99.89,87.8,70,75,4.7,MX,1604098618
145,Bredasdorp,-34.53,20.04,46.4,81,6,1.12,ZA,1604098757
146,Tiksi,71.69,128.87,8.49,95,100,4.9,RU,1604098767
147,High Level,58.52,-117.14,26.6,92,90,4.7,CA,1604098844
148,Bereda,43.27,-7.54,54.0,99,1,5.99,ES,1604098760
149,Kapit,2.02,112.93,74.82,92,65,0.94,MY,1604098756
150,Goderich,43.75,-81.72,35.6,59,95,13.87,CA,1604098845
151,Coyhaique,-45.58,-72.07,71.6,35,0,3.36,CL,1604098845
152,Richards Bay,-28.78,32.04,67.8,84,98,15.52,ZA,1604098765
153,Cefalù,38.04,14.02,62.01,80,70,1.99,IT,1604098846
154,Matara,5.95,80.54,76.84,88,97,6.29,LK,1604098846
155,Kalevala,65.2,31.17,29.01,96,0,3.56,RU,1604098846
156,Forbes,-33.38,148.02,64.69,58,13,5.32,AU,1604098676
157,Severo-Kuril'sk,50.68,156.12,41.68,91,100,33.49,RU,1604098847
158,Belmonte,-15.86,-38.88,77.0,83,0,6.93,BR,1604098847
159,Korla,41.76,86.15,39.0,66,0,5.01,CN,1604098847
160,Clyde River,70.47,-68.59,14.0,92,75,13.87,CA,1604098647
161,‘Ewa Beach,21.32,-158.01,84.2,58,20,14.99,US,1604098848
162,Half Moon Bay,37.46,-122.43,72.0,76,1,14.99,US,1604098590
163,Waipawa,-41.41,175.52,61.0,93,100,26.4,NZ,1604098849
164,Fairbanks,64.84,-147.72,15.01,85,90,1.9,US,1604098849
165,Opuwo,-18.06,13.84,68.94,52,28,5.79,NA,1604098850
166,Elizabeth City,36.29,-76.25,55.99,69,46,6.35,US,1604098850
167,Longyearbyen,78.22,15.64,17.6,72,0,3.36,SJ,1604098850
168,Bethel,41.37,-73.41,35.6,80,90,6.93,US,1604098746
169,Husavik,66.04,-17.34,33.8,78,0,4.7,IS,1604098851
170,Fomboni,-12.28,43.74,79.36,76,78,13.6,KM,1604098851
171,Vostok,46.49,135.88,27.1,98,64,4.81,RU,1604098852
172,Auki,-8.77,160.7,82.6,74,99,2.59,SB,1604098852
173,Seymchan,62.88,152.43,10.04,93,99,1.1,RU,1604098657
174,Baião,-2.79,-49.67,77.56,85,90,2.48,BR,1604098599
175,Klaksvík,62.23,-6.59,48.2,81,22,19.46,FO,1604098853
176,Sisimiut,66.94,-53.67,20.91,91,88,6.6,GL,1604098724
177,Yangambi,0.81,24.43,68.65,99,74,1.92,CD,1604098854
178,Mīrābād,30.44,61.84,47.44,45,0,5.64,AF,1604098854
179,Thompson,55.74,-97.86,19.4,67,90,3.36,CA,1604098609
180,Kutum,14.2,24.67,75.24,25,66,11.88,SD,1604098854
181,Lebu,-37.62,-73.65,53.91,82,0,12.53,CL,1604098709
182,Okha,53.57,142.95,35.04,84,100,6.26,RU,1604098855
183,Havre-St-Pierre,50.23,-63.6,28.4,58,1,3.36,CA,1604098855
184,Misratah,32.38,15.09,70.77,64,81,14.12,LY,1604098856
185,Guánica,17.97,-66.91,77.0,90,90,4.0,PR,1604098745
186,Morgan City,29.7,-91.21,64.4,55,1,6.93,US,1604098856
187,Jijiga,9.35,42.8,62.69,80,12,4.0,ET,1604098857
188,North Bend,43.41,-124.22,64.0,93,90,8.05,US,1604098857
189,Harper,4.38,-7.72,77.59,91,100,8.23,LR,1604098858
190,Honningsvåg,70.98,25.97,35.29,82,88,7.7,NO,1604098858
191,Shihezi,44.3,86.03,37.08,73,26,2.98,CN,1604098858
192,Uetze,52.47,10.2,57.2,87,90,10.29,DE,1604098859
193,Khatanga,71.97,102.5,-9.62,84,0,6.64,RU,1604098859
194,Ancud,-41.87,-73.82,60.8,55,0,6.93,CL,1604098859
195,Airai,-8.93,125.41,66.74,76,5,2.77,TL,1604098860
196,Provideniya,64.38,-173.3,24.78,89,98,7.63,RU,1604098749
197,Iracoubo,5.48,-53.2,81.66,82,25,13.2,GF,1604098860
198,Khanbari,27.37,87.2,64.63,28,100,4.97,NP,1604098861
199,Talnakh,69.49,88.4,12.2,85,100,24.61,RU,1604098861
200,Paungde,18.48,95.5,72.54,94,47,3.62,MM,1604098862
201,Puerto Quijarro,-17.78,-57.77,78.94,56,92,5.48,BO,1604098862
202,Aykhal,66.0,111.5,-0.4,91,90,2.44,RU,1604098862
203,Los Llanos de Aridane,28.66,-17.92,71.6,73,0,5.82,ES,1604098664
204,Garchitorena,13.88,123.69,81.09,79,100,16.28,PH,1604098863
205,Nanortalik,60.14,-45.24,28.67,92,99,6.6,GL,1604098765
206,Calabozo,8.92,-67.43,79.03,90,58,4.56,VE,1604098863
207,São Félix do Xingu,-6.64,-51.99,70.5,95,100,4.63,BR,1604098864
208,Ulladulla,-35.35,150.47,62.6,100,90,13.87,AU,1604098864
209,Paramonga,-10.67,-77.83,63.45,83,100,6.4,PE,1604098864
210,Constitución,-35.33,-72.42,60.04,69,0,9.24,CL,1604098638
211,Mehamn,71.04,27.85,28.4,86,75,10.29,NO,1604098649
212,Ribeira Grande,38.52,-28.7,69.12,91,100,14.23,PT,1604098865
213,Watsa,3.04,29.54,63.23,100,98,1.01,CD,1604098865
214,Eatonton,33.33,-83.39,62.01,70,0,4.7,US,1604098866
215,Saskylakh,71.92,114.08,-2.27,83,0,5.53,RU,1604098866
216,Yenagoa,4.92,6.26,76.23,93,15,3.53,NG,1604098863
217,Lata,40.16,-8.33,61.0,93,0,2.24,PT,1604098704
218,Hudiksvall,61.73,17.1,41.72,88,81,3.98,SE,1604098867
219,Davidson,36.15,-86.78,55.4,47,20,6.93,US,1604098867
220,Cabo San Lucas,22.89,-109.91,82.0,54,40,5.82,MX,1604098747
221,Yomou,7.56,-9.27,73.81,79,45,2.01,GN,1604098868
222,Darnah,32.77,22.64,69.75,65,26,12.62,LY,1604098869
223,Valdivia,-39.81,-73.25,71.6,56,0,5.82,CL,1604098627
224,Namatanai,-3.67,152.43,84.88,65,57,5.14,PG,1604098869
225,Mahébourg,-20.41,57.7,68.0,56,40,16.11,MU,1604098507
226,Amapá,1.0,-52.0,84.67,43,88,6.29,BR,1604098870
227,Senneterre,48.38,-77.23,24.8,49,20,3.36,CA,1604098870
228,Madimba,-10.4,40.33,76.06,83,17,5.12,TZ,1604098871
229,Solton,52.84,86.48,31.87,98,100,11.54,RU,1604098871
230,Flic en Flac,-20.27,57.36,68.0,56,40,16.11,MU,1604098871
231,Benghazi,32.12,20.07,70.75,61,58,10.2,LY,1604098871
232,Boyolangu,-8.12,111.89,76.19,84,80,1.05,ID,1604098872
233,Taoudenni,22.68,-3.98,77.16,18,99,10.22,ML,1604098872
234,Casablanca,33.59,-7.62,68.0,63,0,2.24,MA,1604098873
235,Pervomayskoye,43.92,46.71,55.58,93,0,4.65,RU,1604098873
236,Boda,4.32,17.47,70.27,96,91,1.99,CF,1604098874
237,Inírida,3.87,-67.92,81.18,83,88,1.86,CO,1604098874
238,Upata,8.01,-62.4,73.87,92,90,6.13,VE,1604098875
239,San Patricio,28.02,-97.52,71.6,37,20,12.75,US,1604098755
240,Comodoro Rivadavia,-45.87,-67.5,68.0,34,0,11.41,AR,1604098875
241,Şebinkarahisar,40.29,38.42,53.01,59,100,3.4,TR,1604098683
242,Moerai,-22.43,-151.33,71.35,88,100,20.45,PF,1604098876
243,Cabinda,-5.55,12.2,77.5,85,80,6.22,AO,1604098876
244,Bubaque,11.28,-15.83,84.07,74,56,10.69,GW,1604098876
245,Mayo,38.89,-76.51,51.8,76,1,11.41,US,1604098877
246,Upernavik,72.79,-56.15,20.77,95,94,2.39,GL,1604098744
247,Kalmunai,7.42,81.82,78.08,83,94,8.28,LK,1604098878
248,Tete,-16.16,33.59,82.56,47,47,7.56,MZ,1604098878
249,Harwich,51.94,1.28,57.99,89,100,5.99,GB,1604098878
250,Gönen,40.1,27.65,59.0,93,40,2.24,TR,1604098878
251,Hualmay,-11.1,-77.61,63.81,82,99,5.39,PE,1604098879
252,Deloraine,-41.53,146.67,57.99,89,75,3.0,AU,1604098879
253,Château-Gontier,47.83,-0.7,53.6,93,20,5.82,FR,1604098879
254,Chara,56.91,118.26,7.86,79,6,1.19,RU,1604098880
255,Sabha,27.04,14.43,60.31,46,6,10.22,LY,1604098880
256,Tucumcari,35.17,-103.72,68.0,37,1,16.11,US,1604098881
257,Codrington,-38.27,141.97,55.47,82,47,12.41,AU,1604098881
258,Guerrero Negro,27.98,-114.06,78.8,27,22,11.7,MX,1604098881
259,Rūdbār,30.15,62.6,44.24,53,0,1.14,AF,1604098881
260,Isangel,-19.55,169.27,78.8,83,75,5.82,VU,1604098882
261,Kaabong,3.48,34.15,64.87,79,79,9.69,UG,1604098882
262,Yashkul',46.17,45.34,51.71,92,61,6.93,RU,1604098882
263,Zeya,53.75,127.27,25.68,94,100,4.65,RU,1604098883
264,Bara,10.37,10.73,76.05,32,0,4.16,NG,1604098883
265,Esperance,-33.87,121.9,57.2,62,0,19.46,AU,1604098884
266,Yar-Sale,66.83,70.83,33.91,96,100,14.12,RU,1604098770
267,Nantucket,41.28,-70.1,41.0,86,90,23.04,US,1604098848
268,Srednekolymsk,67.45,153.68,3.02,92,38,2.3,RU,1604098885
269,Kotma,23.2,81.97,62.06,53,0,5.66,IN,1604098885
270,Bairiki Village,1.33,172.98,86.0,70,20,14.99,KI,1604098886
271,Nador,35.17,-2.93,64.4,82,0,4.7,MA,1604098604
272,Coihueco,-36.62,-71.83,82.4,28,0,5.82,CL,1604098887
273,Yichun,47.7,128.9,32.59,87,100,5.1,CN,1604098887
274,Mahanoro,-19.9,48.8,68.07,75,66,4.47,MG,1604098887
275,Nangwa,-4.47,35.45,53.94,96,97,6.33,TZ,1604098888
276,Celestún,20.87,-90.4,77.2,79,96,16.93,MX,1604098888
277,Marsaxlokk,35.84,14.54,64.99,88,20,5.82,MT,1604098889
278,Itarema,-2.92,-39.92,78.73,77,34,12.95,BR,1604098889
279,Rondonópolis,-16.47,-54.64,76.1,87,89,6.49,BR,1604098869
280,Lorengau,-2.02,147.27,85.03,66,94,2.37,PG,1604098890
281,Pangoa,-12.12,-73.0,69.94,93,97,2.44,PE,1604098890
282,Prince Rupert,54.32,-130.32,50.0,66,90,5.82,CA,1604098803
283,Bambanglipuro,-7.95,110.28,77.86,85,98,2.51,ID,1604098705
284,Singaraja,-8.11,115.09,80.08,77,83,5.73,ID,1604098891
285,Viedma,-40.81,-63.0,73.0,23,0,1.01,AR,1604098614
286,Locri,38.24,16.26,64.4,77,0,8.05,IT,1604098891
287,Kavaratti,10.57,72.64,82.2,73,70,9.71,IN,1604098634
288,Bambous Virieux,-20.34,57.76,68.0,56,40,16.11,MU,1604098891
289,Placerville,38.73,-120.8,78.01,15,1,4.7,US,1604098768
290,Baturaja,-4.13,104.17,74.79,91,79,1.48,ID,1604098892
291,Luocheng,29.38,104.03,60.94,83,100,3.91,CN,1604098892
292,Kavieng,-2.57,150.8,83.03,75,97,7.78,PG,1604098634
293,Nome,64.5,-165.41,27.0,79,20,3.36,US,1604098893
294,Mil'kovo,54.72,158.62,32.86,92,98,3.67,RU,1604098893
295,Saldanha,-33.01,17.94,55.4,66,0,11.41,ZA,1604098893
296,Saint-Philippe,-21.36,55.77,68.0,68,20,20.8,RE,1604098894
297,Tzucacab,20.07,-89.05,74.05,97,98,5.26,MX,1604098894
298,Talcahuano,-36.72,-73.12,68.0,64,0,6.93,CL,1604098894
299,La Peca,-5.61,-78.44,75.7,63,100,1.97,PE,1604098894
300,Savannah,32.08,-81.1,71.6,49,1,8.05,US,1604098895
301,Saint George,37.1,-113.58,78.01,16,1,2.98,US,1604098839
302,Labuhan,-6.88,112.21,79.77,77,92,6.93,ID,1604098895
303,Robe,-37.18,139.75,55.78,78,74,14.43,AU,1604098896
304,Jackson,42.42,-122.83,72.0,31,1,3.0,US,1604098785
305,Lüderitz,-26.65,15.16,60.26,56,100,28.57,NA,1604098896
306,Buchanan,5.88,-10.05,77.0,94,75,7.29,LR,1604098896
307,Batman,37.89,41.13,62.6,33,0,6.93,TR,1604098897
308,San Cristobal,7.77,-72.22,86.0,62,40,5.82,VE,1604098769
309,Petropavlovsk-Kamchatskiy,53.05,158.65,41.0,80,40,4.47,RU,1604098897
310,Sorong,-0.88,131.25,82.49,78,42,12.64,ID,1604098749
311,Samarai,-10.62,150.67,81.61,78,89,7.78,PG,1604098614
312,Riyadh,24.69,46.72,64.4,48,0,3.78,SA,1604098729
313,Bocanda,7.06,-4.5,74.26,90,28,3.87,CI,1604098898
314,Kisangani,0.52,25.2,68.88,96,99,0.98,CD,1604098899
315,Paso del Macho,18.97,-96.72,78.01,57,75,20.8,MX,1604098899
316,Hofn,64.25,-15.21,45.52,80,71,26.35,IS,1604098899
317,Buturlinovka,50.82,40.61,49.35,95,100,6.33,RU,1604098900
318,Praia da Vitória,38.73,-27.07,71.6,83,40,10.25,PT,1604098900
319,Conakry,9.54,-13.68,82.4,88,40,6.93,GN,1604098901
320,Cap Malheureux,-19.98,57.61,64.0,64,0,5.01,MU,1604098901
321,Sotouboua,8.57,0.98,76.35,64,73,3.53,TG,1604098902
322,Baijiantan,45.63,85.18,37.26,72,65,4.99,CN,1604098902
323,Severo-Yeniseyskiy,60.37,93.04,-1.55,93,0,0.74,RU,1604098902
324,Fayaoué,-20.65,166.53,77.32,80,5,15.48,NC,1604098902
325,Sivaki,52.63,126.75,27.32,96,100,7.92,RU,1604098903
326,Ostrovnoy,68.05,39.51,34.54,89,96,17.22,RU,1604098755
327,Nikolskoye,59.7,30.79,46.4,93,90,6.71,RU,1604098612
328,Dali,25.7,100.18,57.56,87,98,2.39,CN,1604098903
329,Pevek,69.7,170.31,20.86,95,93,4.27,RU,1604098741
330,Issenye,-2.0,34.33,65.61,77,47,2.82,TZ,1604098904
331,Mabaruma,8.2,-59.78,77.85,91,99,4.54,GY,1604098904
332,Necochea,-38.55,-58.74,57.99,63,0,5.99,AR,1604098905
333,Zhangaözen,43.3,52.8,47.48,45,0,16.15,KZ,1604098905
334,Ambilobe,-13.2,49.05,69.31,72,52,5.99,MG,1604098906
335,Imbituba,-28.24,-48.67,68.0,68,40,13.87,BR,1604098906
336,Suntar,62.14,117.63,1.87,88,100,5.64,RU,1604098906
337,Jalu,29.03,21.55,63.03,73,29,10.07,LY,1604098907
338,Churapcha,62.0,132.43,-11.42,90,75,3.13,RU,1604098907
339,Hasaki,35.73,140.83,48.2,70,20,5.82,JP,1604098907
340,Bīdar,17.9,77.55,68.49,73,22,3.96,IN,1604098908
341,Helong,42.54,129.0,37.58,63,84,4.36,CN,1604098908
342,Poum,-20.23,164.02,78.69,77,35,20.51,NC,1604098908
343,Vestmanna,62.16,-7.17,48.2,81,44,19.46,FO,1604098909
344,Souillac,-20.52,57.52,68.0,56,40,16.11,MU,1604098909
345,Wanning,18.8,110.4,75.6,87,66,13.04,CN,1604098633
346,Kalabo,-14.97,22.68,77.88,36,90,1.97,ZM,1604098909
347,Peterhead,57.51,-1.8,41.0,80,43,5.82,GB,1604098910
348,Dickinson,29.46,-95.05,66.99,72,0,3.0,US,1604098723
349,Kajaani,64.23,27.73,28.4,92,90,2.24,FI,1604098910
350,Sobolevo,54.43,31.9,46.51,97,100,2.42,RU,1604098911
351,Turaif,31.67,38.66,62.6,21,0,4.7,SA,1604098911
352,Khani,41.96,42.96,53.6,93,62,5.82,GE,1604098912
353,Cabedelo,-6.98,-34.83,78.8,83,20,6.93,BR,1604098912
354,Lashio,22.93,97.75,63.81,99,78,1.52,MM,1604098913
355,Listowel,52.45,-9.48,53.01,87,90,11.41,IE,1604098913
356,Quatre Cocos,-20.21,57.76,68.0,56,40,16.11,MU,1604098913
357,Limpapa,7.12,121.91,75.2,100,75,1.12,PH,1604098914
358,Guozhen,34.37,107.36,49.89,46,26,3.06,CN,1604098914
359,Cayenne,4.93,-52.33,82.4,88,20,5.82,GF,1604098915
360,Lovozero,68.0,35.01,25.99,97,23,9.6,RU,1604098915
361,Saint Anthony,45.02,-93.22,44.6,42,1,9.17,US,1604098915
362,Inhambane,-23.86,35.38,72.3,85,48,10.2,MZ,1604098916
363,Otradnoye,59.78,30.82,46.4,93,90,6.71,RU,1604098749
364,Peruíbe,-24.32,-47.0,66.92,93,100,6.29,BR,1604098916
365,Puerto Carreño,6.19,-67.49,82.96,80,38,8.48,CO,1604098700
366,Wau,7.7,28.0,74.12,87,100,4.45,SS,1604098917
367,Ponta do Sol,32.67,-17.1,68.0,77,20,14.99,PT,1604098770
368,Goya,-29.14,-59.26,62.08,67,69,6.46,AR,1604098917
369,Porto Belo,-27.16,-48.55,69.8,64,75,13.87,BR,1604098918
370,Wukari,7.85,9.78,77.77,62,65,3.89,NG,1604098918
371,Klyuchi,52.27,79.17,32.76,96,90,5.7,RU,1604098918
372,Esim,4.87,-2.24,78.12,85,64,5.32,GH,1604098768
373,Wangqing,43.32,129.76,34.21,82,79,2.95,CN,1604098919
374,La Asuncion,11.03,-63.86,86.0,70,97,16.11,VE,1604098919
375,Vytegra,61.01,36.45,44.06,92,47,5.88,RU,1604098919
376,Kloulklubed,7.04,134.26,80.6,83,75,9.17,PW,1604098920
377,Ipirá,-12.16,-39.74,76.14,77,100,12.73,BR,1604098920
378,Mitrofanovka,49.97,39.69,49.39,98,98,5.93,RU,1604098920
379,Drochia,48.03,27.82,45.86,75,97,7.61,MD,1604098921
380,Evensk,61.95,159.23,23.79,91,36,3.36,RU,1604098921
381,Lompoc,34.64,-120.46,69.01,72,1,13.87,US,1604098732
382,Hamilton,39.18,-84.53,46.99,61,75,6.93,US,1604098761
383,Dingle,11.0,122.67,78.67,90,100,7.63,PH,1604098921
384,Lafia,8.48,8.52,77.02,60,76,1.83,NG,1604098922
385,San Juan,-31.54,-68.54,72.14,21,0,9.24,AR,1604098803
386,Karratha,-20.74,116.85,78.6,56,0,2.66,AU,1604098922
387,Szprotawa,51.57,15.54,55.0,61,100,12.75,PL,1604098923
388,Chiredzi,-21.05,31.67,74.17,49,0,9.33,ZW,1604098697
389,Japura,-0.32,102.35,73.27,94,78,1.36,ID,1604098923
390,Barcelona,41.39,2.16,64.0,82,20,3.36,ES,1604098671
391,Pļaviņas,56.62,25.73,43.72,94,89,2.06,LV,1604098924
392,La Ronge,55.1,-105.28,23.0,85,100,16.11,CA,1604098924
393,Presidencia Roque Sáenz Peña,-26.79,-60.44,65.46,53,32,7.58,AR,1604098924
394,Bengkulu,-3.8,102.27,74.86,87,65,3.78,ID,1604098691
395,Niono,14.25,-5.99,77.74,23,0,2.15,ML,1604098925
396,Djambala,-2.54,14.75,68.07,99,100,3.65,CG,1604098925
397,Maningrida,-12.07,134.27,84.27,48,55,2.39,AU,1604098756
398,Pimenta Bueno,-11.67,-61.19,75.88,89,77,3.85,BR,1604098926
399,Vágur,61.47,-6.81,48.78,73,28,30.38,FO,1604098926
400,Pangnirtung,66.15,-65.71,12.2,78,20,2.24,CA,1604098926
401,Itupiranga,-5.13,-49.33,80.6,94,0,6.93,BR,1604098926
402,Médéa,36.26,2.75,53.6,93,20,2.24,DZ,1604098927
403,Vikhorevka,56.12,101.16,23.0,92,75,2.24,RU,1604098927
404,Pacific Grove,36.62,-121.92,63.0,67,1,6.93,US,1604098756
405,Nyurba,63.28,118.33,-4.27,91,76,3.36,RU,1604098927
406,Conde,-7.26,-34.91,78.8,83,20,6.93,BR,1604098928
407,Port Hardy,50.7,-127.42,50.0,71,75,5.82,CA,1604098928
408,Flinders,-34.58,150.86,64.0,95,100,11.99,AU,1604098808
409,Kruisfontein,-34.0,24.73,48.99,91,0,2.39,ZA,1604098929
410,Alice Springs,-23.7,133.88,66.2,32,1,14.99,AU,1604098653
411,Tupik,54.43,119.93,16.38,95,100,3.44,RU,1604098930
412,Oistins,13.07,-59.53,82.4,78,75,20.8,BB,1604098930
413,Khakhea,-24.69,23.49,79.29,22,73,6.11,BW,1604098931
414,Kaitangata,-46.28,169.85,62.01,87,100,11.99,NZ,1604098649
415,Ust-Nera,64.57,143.2,-7.08,83,84,1.59,RU,1604098931
416,Duluth,46.78,-92.11,41.0,56,40,8.05,US,1604098699
417,Huanren,41.26,125.37,39.11,71,100,4.9,CN,1604098932
418,Kidal,18.44,1.41,78.37,17,0,11.48,ML,1604098933
419,Mattru,7.62,-11.83,74.93,96,69,2.64,SL,1604098933
420,Inzhavino,52.32,42.49,44.44,91,100,7.14,RU,1604098933
421,Genhe,50.78,121.52,28.81,91,100,9.28,CN,1604098933
422,Brooks,50.58,-111.89,59.0,41,77,27.51,CA,1604098934
423,Pathein,16.78,94.73,73.65,94,51,7.76,MM,1604098934
424,Camabatela,-8.19,15.38,63.46,100,94,1.61,AO,1604098934
425,San Matías,-16.37,-58.4,77.83,54,87,5.91,BO,1604098935
426,Laas,46.62,10.7,42.01,100,0,2.24,IT,1604098935
427,Mweka,-4.85,21.57,67.28,86,18,0.83,CD,1604098935
428,San Buenaventura,27.08,-101.53,70.39,33,0,7.16,MX,1604098935
429,Yancheng,33.39,120.13,53.29,68,0,4.72,CN,1604098812
430,Ashington,50.93,-0.39,57.0,81,82,4.0,GB,1604098936
431,Swan River,52.11,-101.27,32.0,91,100,10.29,CA,1604098924
432,Yining,29.04,114.56,60.76,89,93,2.33,CN,1604098936
433,Abu Samrah,35.3,37.18,62.92,68,95,2.64,SY,1604098752
434,Havelock,34.88,-76.9,61.0,69,30,1.99,US,1604098833
435,Hobyo,5.35,48.53,80.37,79,31,12.66,SO,1604098937
436,Biak,-0.91,122.88,77.41,82,97,8.55,ID,1604098669
437,Lenger,42.18,69.88,37.4,44,0,6.71,KZ,1604098806
438,Curup,-3.47,102.53,67.53,91,63,1.05,ID,1604098938
439,Sikandarpur,26.05,84.05,71.98,58,14,6.17,IN,1604098938
440,Burnie,-41.07,145.92,63.0,60,30,1.01,AU,1604098938
441,Hilton Head,32.22,-80.75,73.4,53,1,4.7,US,1604098653
442,Palazzolo Acreide,37.06,14.9,64.4,87,45,2.24,IT,1604098939
443,Río Gallegos,-51.62,-69.22,62.6,39,75,16.11,AR,1604098939
444,Anadyr,64.75,177.48,5.0,84,20,6.71,RU,1604098939
445,Pombia,45.65,8.63,51.01,93,0,3.36,IT,1604098940
446,Muaná,-1.53,-49.22,82.2,63,59,9.48,BR,1604098940
447,North Myrtle Beach,33.82,-78.68,69.8,49,1,5.82,US,1604098940
448,Malishka,39.74,45.39,57.2,41,75,11.41,AM,1604098941
449,Kwinana,-32.25,115.77,66.99,88,75,4.18,AU,1604098941
450,Dhidhdhoo,6.88,73.1,81.81,71,11,5.66,MV,1604098941
451,Lutz,28.15,-82.46,73.0,64,0,6.85,US,1604098694
452,Alta Floresta,-9.88,-56.09,75.27,88,97,3.8,BR,1604098832
453,Ust-Maya,60.42,134.53,0.14,91,100,2.89,RU,1604098942
454,Arrondissement de Troyes,48.33,4.08,53.6,93,90,3.36,FR,1604098942
455,Camacha,33.08,-16.33,68.0,82,40,6.93,PT,1604098942
456,Omboué,-1.57,9.26,76.69,90,99,6.29,GA,1604098943
457,Karatau,43.17,70.47,30.07,92,0,2.21,KZ,1604098943
458,Saint-Louis,16.33,-15.0,88.92,12,80,9.22,SN,1604098924
459,Hukay,13.85,120.7,80.24,77,46,19.1,PH,1604098943
460,Teplyk,48.67,29.75,48.25,84,100,12.37,UA,1604098944
461,Sibu,2.3,111.82,75.2,100,40,2.24,MY,1604098944
462,Bathsheba,13.22,-59.52,82.4,78,75,20.8,BB,1604098866
463,Henties Bay,-22.12,14.28,55.99,86,88,6.08,NA,1604098945
464,Ludhiana,30.9,75.85,61.57,30,0,5.77,IN,1604098946
465,Ayan,56.45,138.17,28.78,87,99,3.11,RU,1604098946
466,Palestine,31.92,35.2,73.99,78,20,2.24,PS,1604098947
467,Ballina,-28.87,153.57,82.0,61,76,16.11,AU,1604098764
468,Ust-Kuyga,70.02,135.6,3.9,93,100,1.66,RU,1604098947
469,Bilibino,68.05,166.44,5.31,89,100,1.36,RU,1604098948
470,Dakar,14.69,-17.44,82.4,74,0,16.11,SN,1604098948
471,Linxia Chengguanzhen,35.6,103.21,33.04,88,77,0.87,CN,1604098949
472,Ziro,27.63,93.83,49.39,60,30,2.93,IN,1604098949
473,Bacolod City,10.67,122.95,80.71,84,100,9.71,PH,1604098949
474,Lavrentiya,65.58,-171.0,22.78,86,80,8.61,RU,1604098671
475,Resistencia,-27.46,-58.98,71.6,43,0,11.41,AR,1604098950
476,Roebourne,-20.78,117.13,79.25,57,0,4.68,AU,1604098950
477,Port-Cartier,50.03,-66.87,33.8,55,24,6.93,CA,1604098950
478,Bangassou,4.74,22.82,68.23,96,100,1.03,CF,1604098951
479,Tromsø,69.65,18.96,25.0,92,0,24.16,NO,1604098758
480,São José da Coroa Grande,-8.9,-35.15,77.32,87,100,10.29,BR,1604098733
481,Pontianak,-0.03,109.33,75.94,92,86,3.09,ID,1604098951
482,Concarneau,47.88,-3.92,57.2,100,90,10.29,FR,1604098952
483,Kortkeros,61.81,51.58,33.8,80,0,8.95,RU,1604098952
484,Neiafu,-18.65,-173.98,78.8,69,40,10.29,TO,1604098869
485,Marawi,8.0,124.29,75.0,95,94,7.0,PH,1604098953
486,Beira,-19.84,34.84,74.75,91,0,6.85,MZ,1604098953
487,Kilindoni,-7.91,39.67,78.85,77,35,8.68,TZ,1604098954
488,Tezu,27.92,96.17,73.83,38,19,4.25,IN,1604098954
489,Yangi Marg`ilon,40.43,71.72,39.2,48,0,6.93,UZ,1604098955
490,Kununurra,-15.77,128.73,86.0,70,58,2.24,AU,1604098750
491,Abhā,18.22,42.51,59.0,41,0,1.23,SA,1604098955
492,Broome,42.25,-75.83,33.8,59,1,9.17,US,1604098937
493,Chui,-33.7,-53.46,53.46,86,76,6.89,UY,1604098766
494,Ushtobe,45.25,77.98,37.49,73,0,8.23,KZ,1604098956
495,Elliot Lake,46.38,-82.63,30.2,63,1,8.05,CA,1604098956
496,Santa Cruz Cabrália,-16.28,-39.02,77.0,83,0,6.93,BR,1604098956
497,Kargil,34.57,76.1,24.13,80,1,0.83,IN,1604098957
498,Agua Verde,22.9,-106.05,87.8,43,20,11.41,MX,1604098957
499,Kamaishi,39.27,141.88,39.2,93,20,2.24,JP,1604098958
500,Sakakah,29.97,40.21,68.0,13,0,5.82,SA,1604098958
501,Moyo,3.66,31.72,65.53,97,77,1.14,UG,1604098958
502,Torres,-29.34,-49.73,63.36,65,99,1.74,BR,1604098958
503,Swift Current,50.28,-107.8,53.6,46,20,25.28,CA,1604098950
504,Saint Stephen,50.33,-4.9,57.2,100,90,18.34,GB,1604098805
505,Jos,9.92,8.9,67.8,38,28,1.21,NG,1604098959
506,Pangkalanbuun,-2.68,111.62,76.86,92,98,1.07,ID,1604098959
507,Savannakhet,16.57,104.75,71.74,92,24,5.19,LA,1604098845
508,Tilichiki,60.47,166.1,28.83,97,46,1.88,RU,1604098666
509,Vao,-22.67,167.48,73.71,86,28,14.29,NC,1604098763
510,Emba,48.83,58.14,42.87,56,96,11.05,KZ,1604098961
511,Blagoyevo,63.37,47.92,40.71,92,100,4.41,RU,1604098961
512,Gamba,-2.65,10.0,76.12,91,75,4.23,GA,1604098961
513,Saint-Augustin,51.23,-58.65,28.11,85,0,10.45,CA,1604098962
514,Oleksandrivka,48.96,32.23,47.8,90,97,6.6,UA,1604098962
515,Gonbad-e Kāvūs,37.25,55.17,70.81,21,0,4.76,IR,1604098962
516,Hammerfest,70.66,23.68,32.0,93,75,4.7,NO,1604098963
517,Show Low,34.25,-110.03,64.4,22,1,11.41,US,1604098963
518,Ereymentau,51.62,73.1,30.76,97,60,5.06,KZ,1604098963
519,Shakawe,-18.37,21.85,73.06,33,24,2.35,BW,1604098929
520,Salinas,36.68,-121.66,68.0,52,1,9.17,US,1604098878
521,Lagoa,39.05,-27.98,67.6,91,100,10.22,PT,1604098964
522,Chapais,49.78,-74.85,14.0,85,1,4.03,CA,1604098964
523,Paamiut,61.99,-49.67,26.44,83,78,13.27,GL,1604098929
524,Beringovskiy,63.05,179.32,24.51,85,38,11.83,RU,1604098965
525,Aracati,-4.56,-37.77,79.92,76,82,12.55,BR,1604098965
526,Poya,-21.35,165.15,83.66,52,0,5.5,NC,1604098965
527,Hirado,33.36,129.55,59.0,54,0,17.22,JP,1604098766
528,Nouadhibou,20.93,-17.03,66.2,88,1,16.11,MR,1604098966
529,Batagay-Alyta,67.8,130.41,3.04,93,100,1.48,RU,1604098966
530,Villa del Rosario,7.83,-72.47,86.0,62,40,5.82,CO,1604098966
531,Bulawayo,-20.15,28.58,70.07,36,0,16.08,ZW,1604098967
532,Sandwick,60.0,-1.25,50.0,71,58,24.16,GB,1604098967
533,Ipameri,-17.72,-48.16,72.81,81,99,1.34,BR,1604098967
534,Yārāda,17.65,83.27,73.4,88,58,2.24,IN,1604098967
535,Palmito,9.33,-75.55,78.64,85,100,6.24,CO,1604098968
536,Uruaçu,-14.52,-49.14,77.99,71,100,2.1,BR,1604098968
